ts,cpu_percent,mem_percent
1758818639.9566956,16.2,71.1
1758818640.9590445,19.6,71.1
