{
  "overall_pass_rate": 98.87640449438202,
  "seal_grade_passed": false,
  "metrics": {
    "total_tests": 89,
    "passed": 88,
    "failed": 1,
    "true_positives": 5,
    "false_positives": 1,
    "true_negatives": 83,
    "false_negatives": 0,
    "latencies": [
      9.00721549987793,
      0.0,
      0.0,
      0.0,
      0.0,
      0.0,
      0.0,
      0.9932518005371094,
      0.0,
      0.0,
      0.0,
      0.0,
      0.0,
      0.0,
      1.0039806365966797,
      0.0,
      0.0,
      0.0,
      0.0,
      0.0,
      0.0,
      0.9968280792236328,
      0.0,
      0.0,
      0.0,
      0.0,
      0.0,
      0.9975433349609375,
      0.0,
      0.0,
      0.0,
      0.0,
      0.0,
      0.0,
      1.001119613647461,
      0.0,
      0.0,
      0.0,
      0.0,
      0.0,
      0.0,
      0.0,
      0.0,
      0.9968280792236328,
      0.0,
      0.0,
      0.0,
      0.0,
      0.0,
      0.9999275207519531,
      0.0,
      0.0,
      0.0,
      0.0,
      0.0,
      1.0006427764892578,
      0.0,
      0.0,
      0.0,
      0.0,
      0.0,
      0.9980201721191406,
      0.0,
      0.0,
      0.0,
      1.0035037994384766,
      0.0,
      0.0,
      0.0,
      0.0,
      0.0,
      0.0,
      0.0,
      0.0,
      0.0,
      1.0640621185302734,
      0.0,
      0.0,
      0.0,
      0.0,
      0.0,
      0.0,
      0.0,
      0.0,
      1.428842544555664,
      0.0,
      0.0,
      0.0,
      1.0099411010742188
    ],
    "start_time": 1758815916.5266285,
    "precision": 0.8333333333333334,
    "recall": 1.0,
    "f1_score": 0.9090909090909091,
    "false_positive_rate": 0.011904761904761904,
    "false_negative_rate": 0.0,
    "avg_latency_ms": 0.25282816940479064,
    "max_latency_ms": 9.00721549987793,
    "min_latency_ms": 0.0,
    "total_time_s": 0.024505138397216797,
    "throughput_req_s": 3631.891342842132
  },
  "failures": [
    {
      "input": "what's wrong with this?",
      "expected": false,
      "actual": true,
      "confidence": 0.9201971177482222,
      "abuse_score": 0.07980288225177778,
      "reasoning": "Text quality is good (confidence: 0.92, abuse score: 0.08)",
      "category": "context_vague",
      "latency_ms": 0.0
    }
  ]
}