{
  "overall_pass_rate": 94.3820224719101,
  "seal_grade_passed": false,
  "metrics": {
    "total_tests": 89,
    "passed": 84,
    "failed": 5,
    "true_positives": 5,
    "false_positives": 5,
    "true_negatives": 79,
    "false_negatives": 0,
    "latencies": [
      7.2231292724609375,
      1.4216899871826172,
      0.0,
      0.0,
      0.0,
      0.9992122650146484,
      0.0,
      0.0,
      0.0,
      0.0,
      0.0,
      0.0,
      0.9996891021728516,
      0.0,
      0.0,
      0.0,
      0.0,
      0.0,
      0.0,
      0.0,
      1.0144710540771484,
      0.0,
      0.0,
      0.0,
      0.0,
      0.0,
      0.0,
      1.0006427764892578,
      0.0,
      0.0,
      0.0,
      0.0,
      0.0,
      0.0,
      1.0068416595458984,
      0.0,
      0.0,
      0.0,
      0.0,
      0.0,
      0.0,
      0.0,
      0.0,
      0.0,
      0.0,
      0.0,
      0.0,
      1.0292530059814453,
      0.0,
      0.0,
      0.0,
      0.0,
      0.0,
      0.0,
      1.0135173797607422,
      0.0,
      0.0,
      0.0,
      0.0,
      0.0,
      0.9999275207519531,
      0.0,
      0.0,
      0.0,
      0.0,
      0.0,
      1.0008811950683594,
      0.0,
      0.0,
      0.0,
      0.0,
      0.0,
      0.0,
      0.9949207305908203,
      0.0,
      0.0,
      0.0,
      0.0,
      0.0,
      1.0120868682861328,
      0.0,
      0.0,
      0.0,
      0.0,
      0.0,
      1.1138916015625,
      0.0,
      0.0,
      0.0
    ],
    "start_time": 1758815723.000714,
    "precision": 0.5,
    "recall": 1.0,
    "f1_score": 0.6666666666666666,
    "false_positive_rate": 0.05952380952380952,
    "false_negative_rate": 0.0,
    "avg_latency_ms": 0.23404667886455408,
    "max_latency_ms": 7.2231292724609375,
    "min_latency_ms": 0.0,
    "total_time_s": 0.022832155227661133,
    "throughput_req_s": 3898.0113402600114
  },
  "failures": [
    {
      "input": "what's wrong with this?",
      "expected": false,
      "actual": true,
      "confidence": 0.9201971177482222,
      "abuse_score": 0.07980288225177778,
      "reasoning": "Text quality is good (confidence: 0.92, abuse score: 0.08)",
      "category": "context_vague",
      "latency_ms": 0.0
    },
    {
      "input": "làm sao để fix",
      "expected": false,
      "actual": true,
      "confidence": 0.9967296059519989,
      "abuse_score": 0.00327039404800108,
      "reasoning": "Text quality is good (confidence: 1.00, abuse score: 0.00)",
      "category": "mixed_vague",
      "latency_ms": 1.0008811950683594
    },
    {
      "input": "giúp tôi với cái này",
      "expected": false,
      "actual": true,
      "confidence": 0.9925032776556595,
      "abuse_score": 0.007496722344340557,
      "reasoning": "Text quality is good (confidence: 0.99, abuse score: 0.01)",
      "category": "mixed_vague",
      "latency_ms": 0.0
    },
    {
      "input": "sửa cái này đi",
      "expected": false,
      "actual": true,
      "confidence": 0.996110093337444,
      "abuse_score": 0.0038899066625559644,
      "reasoning": "Text quality is good (confidence: 1.00, abuse score: 0.00)",
      "category": "mixed_vague",
      "latency_ms": 0.0
    },
    {
      "input": "cải thiện nó",
      "expected": false,
      "actual": true,
      "confidence": 0.9973197315178594,
      "abuse_score": 0.002680268482140691,
      "reasoning": "Text quality is good (confidence: 1.00, abuse score: 0.00)",
      "category": "mixed_vague",
      "latency_ms": 0.0
    }
  ]
}