{
  "overall_pass_rate": 79.7752808988764,
  "seal_grade_passed": false,
  "metrics": {
    "total_tests": 89,
    "passed": 71,
    "failed": 18,
    "true_positives": 5,
    "false_positives": 18,
    "true_negatives": 66,
    "false_negatives": 0,
    "latencies": [
      4.5528411865234375,
      0.0,
      0.0,
      0.0,
      0.0,
      0.0,
      0.0,
      0.0,
      0.0,
      0.0,
      0.0,
      0.0,
      0.0,
      0.0,
      0.0,
      0.0,
      0.0,
      0.0,
      0.0,
      0.0,
      0.0,
      0.0,
      0.0,
      0.0,
      0.0,
      0.0,
      0.0,
      0.0,
      0.0,
      0.0,
      0.0,
      0.0,
      0.0,
      0.0,
      0.0,
      0.0,
      0.0,
      0.0,
      0.0,
      0.0,
      0.0,
      0.0,
      0.0,
      0.0,
      0.0,
      0.0,
      0.0,
      0.0,
      0.0,
      0.0,
      0.0,
      0.0,
      6.083965301513672,
      0.0,
      0.0,
      0.0,
      0.0,
      0.0,
      0.0,
      0.0,
      0.0,
      0.0,
      0.0,
      0.0,
      0.0,
      0.0,
      0.0,
      0.0,
      0.0,
      0.0,
      0.0,
      0.0,
      0.0,
      2.8007030487060547,
      0.0,
      0.0,
      0.0,
      0.0,
      0.0,
      0.0,
      0.0,
      0.0,
      0.0,
      0.0,
      0.0,
      0.0,
      0.0,
      0.0,
      2.0067691802978516
    ],
    "start_time": 1758813380.0326104,
    "precision": 0.21739130434782608,
    "recall": 1.0,
    "f1_score": 0.3571428571428571,
    "false_positive_rate": 0.21428571428571427,
    "false_negative_rate": 0.0,
    "avg_latency_ms": 0.1735312215397867,
    "max_latency_ms": 6.083965301513672,
    "min_latency_ms": 0.0,
    "total_time_s": 0.018239259719848633,
    "throughput_req_s": 4879.584005437838
  },
  "failures": [
    {
      "input": "It's working tbh",
      "expected": false,
      "actual": true,
      "confidence": 0.8979613309799034,
      "abuse_score": 0.10203866902009659,
      "reasoning": "Text quality is good (confidence: 0.90, abuse score: 0.10)",
      "category": "end_slang",
      "latency_ms": 0.0
    },
    {
      "input": "change something",
      "expected": false,
      "actual": true,
      "confidence": 0.8976300309778954,
      "abuse_score": 0.10236996902210456,
      "reasoning": "Text quality is good (confidence: 0.90, abuse score: 0.10)",
      "category": "basic_vague",
      "latency_ms": 0.0
    },
    {
      "input": "what's wrong with this?",
      "expected": false,
      "actual": true,
      "confidence": 0.9201971177482222,
      "abuse_score": 0.07980288225177778,
      "reasoning": "Text quality is good (confidence: 0.92, abuse score: 0.08)",
      "category": "context_vague",
      "latency_ms": 0.0
    },
    {
      "input": "what do you think about this?",
      "expected": false,
      "actual": true,
      "confidence": 0.8600137051625224,
      "abuse_score": 0.13998629483747763,
      "reasoning": "Text quality is good (confidence: 0.86, abuse score: 0.14)",
      "category": "context_vague",
      "latency_ms": 0.0
    },
    {
      "input": "how should I handle this?",
      "expected": false,
      "actual": true,
      "confidence": 0.8746551152585244,
      "abuse_score": 0.12534488474147568,
      "reasoning": "Text quality is good (confidence: 0.87, abuse score: 0.13)",
      "category": "context_vague",
      "latency_ms": 0.0
    },
    {
      "input": "improve system performance",
      "expected": false,
      "actual": true,
      "confidence": 0.9285316613809013,
      "abuse_score": 0.07146833861909872,
      "reasoning": "Text quality is good (confidence: 0.93, abuse score: 0.07)",
      "category": "borderline_vague",
      "latency_ms": 0.0
    },
    {
      "input": "optimize the code",
      "expected": false,
      "actual": true,
      "confidence": 0.896466001037408,
      "abuse_score": 0.10353399896259195,
      "reasoning": "Text quality is good (confidence: 0.90, abuse score: 0.10)",
      "category": "borderline_vague",
      "latency_ms": 0.0
    },
    {
      "input": "fix the bug",
      "expected": false,
      "actual": true,
      "confidence": 0.8986659958673865,
      "abuse_score": 0.1013340041326135,
      "reasoning": "Text quality is good (confidence: 0.90, abuse score: 0.10)",
      "category": "borderline_vague",
      "latency_ms": 0.0
    },
    {
      "input": "improve user experience",
      "expected": false,
      "actual": true,
      "confidence": 0.9247176110279713,
      "abuse_score": 0.07528238897202867,
      "reasoning": "Text quality is good (confidence: 0.92, abuse score: 0.08)",
      "category": "borderline_vague",
      "latency_ms": 0.0
    },
    {
      "input": "make it more efficient",
      "expected": false,
      "actual": true,
      "confidence": 0.8695841269300553,
      "abuse_score": 0.13041587306994473,
      "reasoning": "Text quality is good (confidence: 0.87, abuse score: 0.13)",
      "category": "borderline_vague",
      "latency_ms": 0.0
    },
    {
      "input": "optimize performance",
      "expected": false,
      "actual": true,
      "confidence": 0.8968583193561573,
      "abuse_score": 0.10314168064384263,
      "reasoning": "Text quality is good (confidence: 0.90, abuse score: 0.10)",
      "category": "borderline_vague",
      "latency_ms": 0.0
    },
    {
      "input": "fix the issue",
      "expected": false,
      "actual": true,
      "confidence": 0.8973226527868255,
      "abuse_score": 0.10267734721317441,
      "reasoning": "Text quality is good (confidence: 0.90, abuse score: 0.10)",
      "category": "borderline_vague",
      "latency_ms": 0.0
    },
    {
      "input": "làm sao để fix",
      "expected": false,
      "actual": true,
      "confidence": 0.9967296059519989,
      "abuse_score": 0.00327039404800108,
      "reasoning": "Text quality is good (confidence: 1.00, abuse score: 0.00)",
      "category": "mixed_vague",
      "latency_ms": 0.0
    },
    {
      "input": "giúp tôi với cái này",
      "expected": false,
      "actual": true,
      "confidence": 0.9925032776556595,
      "abuse_score": 0.007496722344340557,
      "reasoning": "Text quality is good (confidence: 0.99, abuse score: 0.01)",
      "category": "mixed_vague",
      "latency_ms": 0.0
    },
    {
      "input": "sửa cái này đi",
      "expected": false,
      "actual": true,
      "confidence": 0.996110093337444,
      "abuse_score": 0.0038899066625559644,
      "reasoning": "Text quality is good (confidence: 1.00, abuse score: 0.00)",
      "category": "mixed_vague",
      "latency_ms": 0.0
    },
    {
      "input": "cải thiện nó",
      "expected": false,
      "actual": true,
      "confidence": 0.9973197315178594,
      "abuse_score": 0.002680268482140691,
      "reasoning": "Text quality is good (confidence: 1.00, abuse score: 0.00)",
      "category": "mixed_vague",
      "latency_ms": 0.0
    },
    {
      "input": "@#$%^&*()",
      "expected": false,
      "actual": true,
      "confidence": 1.0,
      "abuse_score": 0.0,
      "reasoning": "Text quality is good (confidence: 1.00, abuse score: 0.00)",
      "category": "special_chars",
      "latency_ms": 0.0
    },
    {
      "input": "!@#$%^&*()",
      "expected": false,
      "actual": true,
      "confidence": 1.0,
      "abuse_score": 0.0,
      "reasoning": "Text quality is good (confidence: 1.00, abuse score: 0.00)",
      "category": "special_chars",
      "latency_ms": 0.0
    }
  ]
}