{
  "overall_pass_rate": 97.75280898876404,
  "seal_grade_passed": false,
  "metrics": {
    "total_tests": 89,
    "passed": 87,
    "failed": 2,
    "true_positives": 5,
    "false_positives": 2,
    "true_negatives": 82,
    "false_negatives": 0,
    "latencies": [
      7.563114166259766,
      0.0,
      0.0,
      0.0,
      0.0,
      0.0,
      0.9999275207519531,
      0.0,
      0.0,
      0.0,
      0.0,
      0.0,
      0.0,
      1.0006427764892578,
      0.0,
      0.0,
      0.0,
      0.0,
      0.0,
      0.0,
      1.3418197631835938,
      0.0,
      0.0,
      0.0,
      0.0,
      0.9980201721191406,
      0.0,
      0.0,
      0.0,
      0.0,
      0.0,
      0.0,
      0.9992122650146484,
      0.0,
      0.0,
      0.0,
      0.0,
      0.0,
      1.0008811950683594,
      0.0,
      0.0,
      0.0,
      0.0,
      1.0042190551757812,
      0.0,
      0.0,
      0.0,
      0.0,
      0.0,
      0.0,
      0.0,
      0.9958744049072266,
      0.0,
      0.0,
      0.0,
      0.0,
      0.9996891021728516,
      0.0,
      0.0,
      0.0,
      0.0,
      0.0,
      0.9996891021728516,
      0.0,
      0.0,
      0.0,
      0.0,
      0.0,
      0.0,
      0.9999275207519531,
      0.0,
      0.0,
      0.0,
      0.0,
      1.0044574737548828,
      0.0,
      0.0,
      0.0,
      0.0,
      0.0,
      0.0,
      0.9963512420654297,
      0.0,
      0.0,
      0.0,
      0.0,
      0.9996891021728516,
      0.0,
      0.0
    ],
    "start_time": 1758815825.45393,
    "precision": 0.7142857142857143,
    "recall": 1.0,
    "f1_score": 0.8333333333333333,
    "false_positive_rate": 0.023809523809523808,
    "false_negative_rate": 0.0,
    "avg_latency_ms": 0.24610690856247805,
    "max_latency_ms": 7.563114166259766,
    "min_latency_ms": 0.0,
    "total_time_s": 0.021903514862060547,
    "throughput_req_s": 4063.2748013497335
  },
  "failures": [
    {
      "input": "what's wrong with this?",
      "expected": false,
      "actual": true,
      "confidence": 0.9201971177482222,
      "abuse_score": 0.07980288225177778,
      "reasoning": "Text quality is good (confidence: 0.92, abuse score: 0.08)",
      "category": "context_vague",
      "latency_ms": 0.0
    },
    {
      "input": "cải thiện nó",
      "expected": false,
      "actual": true,
      "confidence": 0.9973197315178594,
      "abuse_score": 0.002680268482140691,
      "reasoning": "Text quality is good (confidence: 1.00, abuse score: 0.00)",
      "category": "mixed_vague",
      "latency_ms": 0.9999275207519531
    }
  ]
}