{
  "overall_pass_rate": 77.52808988764045,
  "seal_grade_passed": false,
  "metrics": {
    "total_tests": 89,
    "passed": 69,
    "failed": 20,
    "true_positives": 0,
    "false_positives": 15,
    "true_negatives": 69,
    "false_negatives": 5,
    "latencies": [
      5.130290985107422,
      1.024484634399414,
      0.0,
      0.0,
      0.0,
      0.0,
      0.0,
      1.0085105895996094,
      0.0,
      0.0,
      0.0,
      0.0,
      1.0042190551757812,
      0.0,
      0.0,
      0.0,
      0.0,
      0.0,
      0.9965896606445312,
      0.0,
      0.0,
      0.0,
      0.0,
      0.0,
      0.0,
      0.0,
      1.5087127685546875,
      0.0,
      0.0,
      0.0,
      0.0,
      0.0,
      1.0266304016113281,
      0.0,
      0.0,
      0.0,
      0.0,
      1.0106563568115234,
      0.0,
      0.0,
      0.0,
      0.0,
      1.5053749084472656,
      0.0,
      0.0,
      0.0,
      0.0,
      0.0,
      0.0,
      0.0,
      0.0,
      0.0,
      0.0,
      1.0066032409667969,
      0.0,
      0.0,
      0.0,
      0.0,
      0.0,
      0.0,
      0.0,
      0.0,
      0.0,
      0.9992122650146484,
      0.0,
      0.0,
      0.0,
      0.0,
      0.0,
      0.0,
      0.0,
      0.0,
      0.0,
      0.0,
      0.0,
      0.0,
      0.0,
      0.0,
      0.0,
      0.0,
      0.0,
      0.0,
      0.0,
      0.0,
      1.01470947265625,
      0.0,
      0.0,
      0.0,
      0.0
    ],
    "start_time": 1758812124.3255315,
    "precision": 0.0,
    "recall": 0.0,
    "f1_score": 0,
    "false_positive_rate": 0.17857142857142858,
    "false_negative_rate": 1.0,
    "avg_latency_ms": 0.19366285774145234,
    "max_latency_ms": 5.130290985107422,
    "min_latency_ms": 0.0,
    "total_time_s": 0.020246267318725586,
    "throughput_req_s": 4395.872019218314
  },
  "failures": [
    {
      "input": "what's wrong with this?",
      "expected": false,
      "actual": true,
      "confidence": 0.9201971177482222,
      "abuse_score": 0.07980288225177778,
      "reasoning": "Text quality is good (confidence: 0.92, abuse score: 0.08)",
      "category": "context_vague",
      "latency_ms": 1.0066032409667969
    },
    {
      "input": "improve system performance",
      "expected": false,
      "actual": true,
      "confidence": 0.9951983280475679,
      "abuse_score": 0.004801671952432052,
      "reasoning": "Text quality is good (confidence: 1.00, abuse score: 0.00)",
      "category": "borderline_vague",
      "latency_ms": 0.0
    },
    {
      "input": "improve user experience",
      "expected": false,
      "actual": true,
      "confidence": 0.991384277694638,
      "abuse_score": 0.008615722305362006,
      "reasoning": "Text quality is good (confidence: 0.99, abuse score: 0.01)",
      "category": "borderline_vague",
      "latency_ms": 0.0
    },
    {
      "input": "optimize performance",
      "expected": false,
      "actual": true,
      "confidence": 0.9968583193561573,
      "abuse_score": 0.003141680643842626,
      "reasoning": "Text quality is good (confidence: 1.00, abuse score: 0.00)",
      "category": "borderline_vague",
      "latency_ms": 0.0
    },
    {
      "input": "làm sao để fix",
      "expected": false,
      "actual": true,
      "confidence": 0.9967296059519989,
      "abuse_score": 0.00327039404800108,
      "reasoning": "Text quality is good (confidence: 1.00, abuse score: 0.00)",
      "category": "mixed_vague",
      "latency_ms": 0.0
    },
    {
      "input": "giúp tôi với cái này",
      "expected": false,
      "actual": true,
      "confidence": 0.9925032776556595,
      "abuse_score": 0.007496722344340557,
      "reasoning": "Text quality is good (confidence: 0.99, abuse score: 0.01)",
      "category": "mixed_vague",
      "latency_ms": 0.0
    },
    {
      "input": "sửa cái này đi",
      "expected": false,
      "actual": true,
      "confidence": 0.996110093337444,
      "abuse_score": 0.0038899066625559644,
      "reasoning": "Text quality is good (confidence: 1.00, abuse score: 0.00)",
      "category": "mixed_vague",
      "latency_ms": 0.0
    },
    {
      "input": "cải thiện nó",
      "expected": false,
      "actual": true,
      "confidence": 0.9973197315178594,
      "abuse_score": 0.002680268482140691,
      "reasoning": "Text quality is good (confidence: 1.00, abuse score: 0.00)",
      "category": "mixed_vague",
      "latency_ms": 0.0
    },
    {
      "input": "",
      "expected": false,
      "actual": true,
      "confidence": 1.0,
      "abuse_score": 0.0,
      "reasoning": "Text quality is good (confidence: 1.00, abuse score: 0.00)",
      "category": "empty",
      "latency_ms": 0.0
    },
    {
      "input": " ",
      "expected": false,
      "actual": true,
      "confidence": 0.9,
      "abuse_score": 0.1,
      "reasoning": "Text quality is good (confidence: 0.90, abuse score: 0.10)",
      "category": "whitespace",
      "latency_ms": 0.0
    },
    {
      "input": "...",
      "expected": false,
      "actual": true,
      "confidence": 0.9,
      "abuse_score": 0.1,
      "reasoning": "Text quality is good (confidence: 0.90, abuse score: 0.10)",
      "category": "dots",
      "latency_ms": 0.0
    },
    {
      "input": "!!!",
      "expected": false,
      "actual": true,
      "confidence": 0.9,
      "abuse_score": 0.1,
      "reasoning": "Text quality is good (confidence: 0.90, abuse score: 0.10)",
      "category": "exclamation",
      "latency_ms": 0.0
    },
    {
      "input": "???",
      "expected": false,
      "actual": true,
      "confidence": 0.9,
      "abuse_score": 0.1,
      "reasoning": "Text quality is good (confidence: 0.90, abuse score: 0.10)",
      "category": "question",
      "latency_ms": 0.0
    },
    {
      "input": "@#$%^&*()",
      "expected": false,
      "actual": true,
      "confidence": 1.0,
      "abuse_score": 0.0,
      "reasoning": "Text quality is good (confidence: 1.00, abuse score: 0.00)",
      "category": "special_chars",
      "latency_ms": 0.0
    },
    {
      "input": "!@#$%^&*()",
      "expected": false,
      "actual": true,
      "confidence": 1.0,
      "abuse_score": 0.0,
      "reasoning": "Text quality is good (confidence: 1.00, abuse score: 0.00)",
      "category": "special_chars",
      "latency_ms": 0.0
    },
    {
      "input": "How can I implement a binary search algorithm in Python?",
      "expected": true,
      "actual": false,
      "confidence": 0.8733561092797162,
      "abuse_score": 0.12664389072028387,
      "reasoning": "Low confidence (0.87) - need more context for better suggestions",
      "category": "clear",
      "latency_ms": 1.01470947265625
    },
    {
      "input": "What are the best practices for error handling in JavaScript?",
      "expected": true,
      "actual": false,
      "confidence": 0.8710104586575296,
      "abuse_score": 0.12898954134247037,
      "reasoning": "Low confidence (0.87) - need more context for better suggestions",
      "category": "clear",
      "latency_ms": 0.0
    },
    {
      "input": "Can you explain the difference between REST and GraphQL APIs?",
      "expected": true,
      "actual": false,
      "confidence": 0.8707733442996828,
      "abuse_score": 0.12922665570031724,
      "reasoning": "Low confidence (0.87) - need more context for better suggestions",
      "category": "clear",
      "latency_ms": 0.0
    },
    {
      "input": "How do I optimize database queries for better performance?",
      "expected": true,
      "actual": false,
      "confidence": 0.8912814880389296,
      "abuse_score": 0.10871851196107041,
      "reasoning": "Low confidence (0.89) - need more context for better suggestions",
      "category": "clear",
      "latency_ms": 0.0
    },
    {
      "input": "What is the most efficient way to sort a large dataset?",
      "expected": true,
      "actual": false,
      "confidence": 0.8799905257128228,
      "abuse_score": 0.12000947428717725,