{
  "overall_pass_rate": 89.8876404494382,
  "seal_grade_passed": false,
  "metrics": {
    "total_tests": 89,
    "passed": 80,
    "failed": 9,
    "true_positives": 5,
    "false_positives": 9,
    "true_negatives": 75,
    "false_negatives": 0,
    "latencies": [
      9.438276290893555,
      0.0,
      0.0,
      0.5061626434326172,
      0.0,
      0.0,
      0.0,
      0.0,
      0.0,
      0.0,
      0.0,
      1.3883113861083984,
      0.0,
      0.0,
      0.0,
      0.0,
      1.0004043579101562,
      0.0,
      0.0,
      0.0,
      0.0,
      0.0,
      0.0,
      0.0,
      1.4691352844238281,
      0.0,
      0.0,
      0.0,
      0.0,
      0.0,
      0.0,
      1.0020732879638672,
      0.0,
      0.0,
      0.0,
      0.0,
      0.9949207305908203,
      0.0,
      0.0,
      0.0,
      1.1506080627441406,
      0.0,
      0.0,
      0.0,
      0.0,
      0.0,
      0.0,
      1.0116100311279297,
      0.0,
      0.0,
      0.0,
      0.0,
      0.0,
      0.9999275207519531,
      0.0,
      0.0,
      0.0,
      0.0,
      1.0106563568115234,
      0.0,
      0.0,
      0.0,
      0.0,
      0.0,
      0.0,
      0.0,
      0.9996891021728516,
      0.0,
      0.0,
      0.0,
      0.0,
      0.0,
      0.0,
      0.0,
      0.0,
      1.1725425720214844,
      0.0,
      0.9961128234863281,
      0.0,
      0.0,
      0.0,
      0.0,
      1.3725757598876953,
      0.0,
      0.0,
      1.2187957763671875,
      0.0,
      0.0,
      1.4615058898925781
    ],
    "start_time": 1758815516.4021742,
    "precision": 0.35714285714285715,
    "recall": 1.0,
    "f1_score": 0.5263157894736842,
    "false_positive_rate": 0.10714285714285714,
    "false_negative_rate": 0.0,
    "avg_latency_ms": 0.30554278513019006,
    "max_latency_ms": 9.438276290893555,
    "min_latency_ms": 0.0,
    "total_time_s": 0.029221057891845703,
    "throughput_req_s": 3045.7487312543853
  },
  "failures": [
    {
      "input": "what's wrong with this?",
      "expected": false,
      "actual": true,
      "confidence": 0.9201971177482222,
      "abuse_score": 0.07980288225177778,
      "reasoning": "Text quality is good (confidence: 0.92, abuse score: 0.08)",
      "category": "context_vague",
      "latency_ms": 0.9999275207519531
    },
    {
      "input": "how should I handle this?",
      "expected": false,
      "actual": true,
      "confidence": 0.8746551152585244,
      "abuse_score": 0.12534488474147568,
      "reasoning": "Text quality is good (confidence: 0.87, abuse score: 0.13)",
      "category": "context_vague",
      "latency_ms": 0.0
    },
    {
      "input": "optimize the code",
      "expected": false,
      "actual": true,
      "confidence": 0.896466001037408,
      "abuse_score": 0.10353399896259195,
      "reasoning": "Text quality is good (confidence: 0.90, abuse score: 0.10)",
      "category": "borderline_vague",
      "latency_ms": 0.0
    },
    {
      "input": "fix the bug",
      "expected": false,
      "actual": true,
      "confidence": 0.8986659958673865,
      "abuse_score": 0.1013340041326135,
      "reasoning": "Text quality is good (confidence: 0.90, abuse score: 0.10)",
      "category": "borderline_vague",
      "latency_ms": 0.0
    },
    {
      "input": "fix the issue",
      "expected": false,
      "actual": true,
      "confidence": 0.8973226527868255,
      "abuse_score": 0.10267734721317441,
      "reasoning": "Text quality is good (confidence: 0.90, abuse score: 0.10)",
      "category": "borderline_vague",
      "latency_ms": 0.0
    },
    {
      "input": "làm sao để fix",
      "expected": false,
      "actual": true,
      "confidence": 0.9967296059519989,
      "abuse_score": 0.00327039404800108,
      "reasoning": "Text quality is good (confidence: 1.00, abuse score: 0.00)",
      "category": "mixed_vague",
      "latency_ms": 0.9996891021728516
    },
    {
      "input": "giúp tôi với cái này",
      "expected": false,
      "actual": true,
      "confidence": 0.9925032776556595,
      "abuse_score": 0.007496722344340557,
      "reasoning": "Text quality is good (confidence: 0.99, abuse score: 0.01)",
      "category": "mixed_vague",
      "latency_ms": 0.0
    },
    {
      "input": "sửa cái này đi",
      "expected": false,
      "actual": true,
      "confidence": 0.996110093337444,
      "abuse_score": 0.0038899066625559644,
      "reasoning": "Text quality is good (confidence: 1.00, abuse score: 0.00)",
      "category": "mixed_vague",
      "latency_ms": 0.0
    },
    {
      "input": "cải thiện nó",
      "expected": false,
      "actual": true,
      "confidence": 0.9973197315178594,
      "abuse_score": 0.002680268482140691,
      "reasoning": "Text quality is good (confidence: 1.00, abuse score: 0.00)",
      "category": "mixed_vague",
      "latency_ms": 0.0
    }
  ]
}