{
  "overall_pass_rate": 92.13483146067416,
  "seal_grade_passed": false,
  "metrics": {
    "total_tests": 89,
    "passed": 82,
    "failed": 7,
    "true_positives": 5,
    "false_positives": 7,
    "true_negatives": 77,
    "false_negatives": 0,
    "latencies": [
      9.816169738769531,
      0.0,
      0.0,
      0.0,
      0.0,
      1.5063285827636719,
      0.0,
      0.0,
      0.0,
      0.0,
      0.0,
      0.9996891021728516,
      0.0,
      0.0,
      0.0,
      0.0,
      0.0,
      0.0,
      1.0006427764892578,
      0.0,
      0.0,
      0.0,
      0.0,
      0.0,
      1.0151863098144531,
      0.0,
      0.0,
      0.0,
      0.0,
      0.0,
      0.0,
      1.0004043579101562,
      0.0,
      0.0,
      0.0,
      0.0,
      0.9996891021728516,
      0.0,
      0.0,
      0.0,
      0.0,
      1.2578964233398438,
      0.0,
      0.0,
      0.0,
      0.0,
      0.0,
      0.0,
      0.0,
      0.9992122650146484,
      0.0,
      0.0,
      0.0,
      0.0,
      0.0,
      0.0,
      1.30462646484375,
      0.0,
      0.0,
      0.0,
      0.0,
      1.4922618865966797,
      0.0,
      0.0,
      0.0,
      1.0006427764892578,
      0.0,
      0.0,
      0.0,
      0.0,
      0.0,
      0.0,
      0.0,
      0.0,
      0.0,
      1.129150390625,
      0.0,
      0.0,
      0.0,
      0.0,
      1.0004043579101562,
      0.0,
      0.0,
      0.9982585906982422,
      0.0,
      1.0020732879638672,
      0.0,
      1.0006427764892578,
      0.0
    ],
    "start_time": 1758815618.7775233,
    "precision": 0.4166666666666667,
    "recall": 1.0,
    "f1_score": 0.5882352941176471,
    "false_positive_rate": 0.08333333333333333,
    "false_negative_rate": 0.0,
    "avg_latency_ms": 0.3092503279782413,
    "max_latency_ms": 9.816169738769531,
    "min_latency_ms": 0.0,
    "total_time_s": 0.028742313385009766,
    "throughput_req_s": 3096.4800504338305
  },
  "failures": [
    {
      "input": "what's wrong with this?",
      "expected": false,
      "actual": true,
      "confidence": 0.9201971177482222,
      "abuse_score": 0.07980288225177778,
      "reasoning": "Text quality is good (confidence: 0.92, abuse score: 0.08)",
      "category": "context_vague",
      "latency_ms": 0.0
    },
    {
      "input": "fix the bug",
      "expected": false,
      "actual": true,
      "confidence": 0.8986659958673865,
      "abuse_score": 0.1013340041326135,
      "reasoning": "Text quality is good (confidence: 0.90, abuse score: 0.10)",
      "category": "borderline_vague",
      "latency_ms": 1.4922618865966797
    },
    {
      "input": "fix the issue",
      "expected": false,
      "actual": true,
      "confidence": 0.8973226527868255,
      "abuse_score": 0.10267734721317441,
      "reasoning": "Text quality is good (confidence: 0.90, abuse score: 0.10)",
      "category": "borderline_vague",
      "latency_ms": 1.0006427764892578
    },
    {
      "input": "làm sao để fix",
      "expected": false,
      "actual": true,
      "confidence": 0.9967296059519989,
      "abuse_score": 0.00327039404800108,
      "reasoning": "Text quality is good (confidence: 1.00, abuse score: 0.00)",
      "category": "mixed_vague",
      "latency_ms": 0.0
    },
    {
      "input": "giúp tôi với cái này",
      "expected": false,
      "actual": true,
      "confidence": 0.9925032776556595,
      "abuse_score": 0.007496722344340557,
      "reasoning": "Text quality is good (confidence: 0.99, abuse score: 0.01)",
      "category": "mixed_vague",
      "latency_ms": 0.0
    },
    {
      "input": "sửa cái này đi",
      "expected": false,
      "actual": true,
      "confidence": 0.996110093337444,
      "abuse_score": 0.0038899066625559644,
      "reasoning": "Text quality is good (confidence: 1.00, abuse score: 0.00)",
      "category": "mixed_vague",
      "latency_ms": 0.0
    },
    {
      "input": "cải thiện nó",
      "expected": false,
      "actual": true,
      "confidence": 0.9973197315178594,
      "abuse_score": 0.002680268482140691,
      "reasoning": "Text quality is good (confidence: 1.00, abuse score: 0.00)",
      "category": "mixed_vague",
      "latency_ms": 0.0
    }
  ]
}